# Hackli GUI Studio - generated item icon atlas (synthetic, CC0-1.0).
# columns: id, column, row, cell size in pixels
acacia_boat	0	0	16
acacia_button	1	0	16
acacia_chest_boat	2	0	16
acacia_door	3	0	16
acacia_fence	4	0	16
acacia_fence_gate	5	0	16
acacia_hanging_sign	6	0	16
acacia_leaves	7	0	16
acacia_log	8	0	16
acacia_planks	9	0	16
acacia_pressure_plate	10	0	16
acacia_sapling	11	0	16
acacia_shelf	12	0	16
acacia_sign	13	0	16
acacia_slab	14	0	16
acacia_stairs	15	0	16
acacia_trapdoor	16	0	16
acacia_wood	17	0	16
activator_rail	18	0	16
allay_spawn_egg	19	0	16
allium	20	0	16
amethyst_block	21	0	16
amethyst_cluster	22	0	16
amethyst_shard	23	0	16
ancient_debris	24	0	16
andesite	25	0	16
andesite_slab	26	0	16
andesite_stairs	27	0	16
andesite_wall	28	0	16
angler_pottery_sherd	29	0	16
anvil	30	0	16
apple	31	0	16
archer_pottery_sherd	32	0	16
armadillo_scute	33	0	16
armadillo_spawn_egg	34	0	16
armor_stand	35	0	16
arms_up_pottery_sherd	36	0	16
arrow	37	0	16
axolotl_bucket	38	0	16
axolotl_spawn_egg	39	0	16
azalea	40	0	16
azalea_leaves	41	0	16
azure_bluet	42	0	16
baked_potato	43	0	16
bamboo	44	0	16
bamboo_block	45	0	16
bamboo_button	46	0	16
bamboo_chest_raft	47	0	16
bamboo_door	48	0	16
bamboo_fence	49	0	16
bamboo_fence_gate	50	0	16
bamboo_hanging_sign	51	0	16
bamboo_mosaic	52	0	16
bamboo_mosaic_slab	53	0	16
bamboo_mosaic_stairs	54	0	16
bamboo_planks	55	0	16
bamboo_pressure_plate	56	0	16
bamboo_raft	57	0	16
bamboo_shelf	58	0	16
bamboo_sign	59	0	16
bamboo_slab	60	0	16
bamboo_stairs	61	0	16
bamboo_trapdoor	62	0	16
barrel	63	0	16
barrier	0	1	16
basalt	1	1	16
bat_spawn_egg	2	1	16
beacon	3	1	16
bedrock	4	1	16
bee_nest	5	1	16
bee_spawn_egg	6	1	16
beef	7	1	16
beehive	8	1	16
beetroot	9	1	16
beetroot_seeds	10	1	16
beetroot_soup	11	1	16
bell	12	1	16
big_dripleaf	13	1	16
birch_boat	14	1	16
birch_button	15	1	16
birch_chest_boat	16	1	16
birch_door	17	1	16
birch_fence	18	1	16
birch_fence_gate	19	1	16
birch_hanging_sign	20	1	16
birch_leaves	21	1	16
birch_log	22	1	16
birch_planks	23	1	16
birch_pressure_plate	24	1	16
birch_sapling	25	1	16
birch_shelf	26	1	16
birch_sign	27	1	16
birch_slab	28	1	16
birch_stairs	29	1	16
birch_trapdoor	30	1	16
birch_wood	31	1	16
black_banner	32	1	16
black_bed	33	1	16
black_bundle	34	1	16
black_candle	35	1	16
black_carpet	36	1	16
black_concrete	37	1	16
black_concrete_powder	38	1	16
black_dye	39	1	16
black_glazed_terracotta	40	1	16
black_harness	41	1	16
black_shulker_box	42	1	16
black_stained_glass	43	1	16
black_stained_glass_pane	44	1	16
black_terracotta	45	1	16
black_wool	46	1	16
blackstone	47	1	16
blackstone_slab	48	1	16
blackstone_stairs	49	1	16
blackstone_wall	50	1	16
blade_pottery_sherd	51	1	16
blast_furnace	52	1	16
blaze_powder	53	1	16
blaze_rod	54	1	16
blaze_spawn_egg	55	1	16
blue_banner	56	1	16
blue_bed	57	1	16
blue_bundle	58	1	16
blue_candle	59	1	16
blue_carpet	60	1	16
blue_concrete	61	1	16
blue_concrete_powder	62	1	16
blue_dye	63	1	16
blue_egg	0	2	16
blue_glazed_terracotta	1	2	16
blue_harness	2	2	16
blue_ice	3	2	16
blue_orchid	4	2	16
blue_shulker_box	5	2	16
blue_stained_glass	6	2	16
blue_stained_glass_pane	7	2	16
blue_terracotta	8	2	16
blue_wool	9	2	16
bogged_spawn_egg	10	2	16
bolt_armor_trim_smithing_template	11	2	16
bone	12	2	16
bone_block	13	2	16
bone_meal	14	2	16
book	15	2	16
bookshelf	16	2	16
bordure_indented_banner_pattern	17	2	16
bow	18	2	16
bowl	19	2	16
brain_coral	20	2	16
brain_coral_block	21	2	16
brain_coral_fan	22	2	16
bread	23	2	16
breeze_rod	24	2	16
breeze_spawn_egg	25	2	16
brewer_pottery_sherd	26	2	16
brewing_stand	27	2	16
brick	28	2	16
brick_slab	29	2	16
brick_stairs	30	2	16
brick_wall	31	2	16
bricks	32	2	16
brown_banner	33	2	16
brown_bed	34	2	16
brown_bundle	35	2	16
brown_candle	36	2	16
brown_carpet	37	2	16
brown_concrete	38	2	16
brown_concrete_powder	39	2	16
brown_dye	40	2	16
brown_egg	41	2	16
brown_glazed_terracotta	42	2	16
brown_harness	43	2	16
brown_mushroom	44	2	16
brown_mushroom_block	45	2	16
brown_shulker_box	46	2	16
brown_stained_glass	47	2	16
brown_stained_glass_pane	48	2	16
brown_terracotta	49	2	16
brown_wool	50	2	16
brush	51	2	16
bubble_coral	52	2	16
bubble_coral_block	53	2	16
bubble_coral_fan	54	2	16
bucket	55	2	16
budding_amethyst	56	2	16
bundle	57	2	16
burn_pottery_sherd	58	2	16
bush	59	2	16
cactus	60	2	16
cactus_flower	61	2	16
cake	62	2	16
calcite	63	2	16
calibrated_sculk_sensor	0	3	16
camel_husk_spawn_egg	1	3	16
camel_spawn_egg	2	3	16
campfire	3	3	16
candle	4	3	16
carrot	5	3	16
carrot_on_a_stick	6	3	16
cartography_table	7	3	16
carved_pumpkin	8	3	16
cat_spawn_egg	9	3	16
cauldron	10	3	16
cave_spider_spawn_egg	11	3	16
chain_command_block	12	3	16
chainmail_boots	13	3	16
chainmail_chestplate	14	3	16
chainmail_helmet	15	3	16
chainmail_leggings	16	3	16
charcoal	17	3	16
cherry_boat	18	3	16
cherry_button	19	3	16
cherry_chest_boat	20	3	16
cherry_door	21	3	16
cherry_fence	22	3	16
cherry_fence_gate	23	3	16
cherry_hanging_sign	24	3	16
cherry_leaves	25	3	16
cherry_log	26	3	16
cherry_planks	27	3	16
cherry_pressure_plate	28	3	16
cherry_sapling	29	3	16
cherry_shelf	30	3	16
cherry_sign	31	3	16
cherry_slab	32	3	16
cherry_stairs	33	3	16
cherry_trapdoor	34	3	16
cherry_wood	35	3	16
chest	36	3	16
chest_minecart	37	3	16
chicken	38	3	16
chicken_spawn_egg	39	3	16
chipped_anvil	40	3	16
chiseled_bookshelf	41	3	16
chiseled_copper	42	3	16
chiseled_deepslate	43	3	16
chiseled_nether_bricks	44	3	16
chiseled_polished_blackstone	45	3	16
chiseled_quartz_block	46	3	16
chiseled_red_sandstone	47	3	16
chiseled_resin_bricks	48	3	16
chiseled_sandstone	49	3	16
chiseled_stone_bricks	50	3	16
chiseled_tuff	51	3	16
chiseled_tuff_bricks	52	3	16
chorus_flower	53	3	16
chorus_fruit	54	3	16
chorus_plant	55	3	16
clay	56	3	16
clay_ball	57	3	16
clock	58	3	16
closed_eyeblossom	59	3	16
coal	60	3	16
coal_block	61	3	16
coal_ore	62	3	16
coarse_dirt	63	3	16
coast_armor_trim_smithing_template	0	4	16
cobbled_deepslate	1	4	16
cobbled_deepslate_slab	2	4	16
cobbled_deepslate_stairs	3	4	16
cobbled_deepslate_wall	4	4	16
cobblestone	5	4	16
cobblestone_slab	6	4	16
cobblestone_stairs	7	4	16
cobblestone_wall	8	4	16
cobweb	9	4	16
cocoa_beans	10	4	16
cod	11	4	16
cod_bucket	12	4	16
cod_spawn_egg	13	4	16
command_block	14	4	16
command_block_minecart	15	4	16
comparator	16	4	16
compass	17	4	16
composter	18	4	16
conduit	19	4	16
cooked_beef	20	4	16
cooked_chicken	21	4	16
cooked_cod	22	4	16
cooked_mutton	23	4	16
cooked_porkchop	24	4	16
cooked_rabbit	25	4	16
cooked_salmon	26	4	16
cookie	27	4	16
copper_axe	28	4	16
copper_bars	29	4	16
copper_block	30	4	16
copper_boots	31	4	16
copper_bulb	32	4	16
copper_chain	33	4	16
copper_chest	34	4	16
copper_chestplate	35	4	16
copper_door	36	4	16
copper_golem_spawn_egg	37	4	16
copper_golem_statue	38	4	16
copper_grate	39	4	16
copper_helmet	40	4	16
copper_hoe	41	4	16
copper_horse_armor	42	4	16
copper_ingot	43	4	16
copper_lantern	44	4	16
copper_leggings	45	4	16
copper_nautilus_armor	46	4	16
copper_nugget	47	4	16
copper_ore	48	4	16
copper_pickaxe	49	4	16
copper_shovel	50	4	16
copper_spear	51	4	16
copper_sword	52	4	16
copper_torch	53	4	16
copper_trapdoor	54	4	16
cornflower	55	4	16
cow_spawn_egg	56	4	16
cracked_deepslate_bricks	57	4	16
cracked_deepslate_tiles	58	4	16
cracked_nether_bricks	59	4	16
cracked_polished_blackstone_bricks	60	4	16
cracked_stone_bricks	61	4	16
crafter	62	4	16
crafting_table	63	4	16
creaking_heart	0	5	16
creaking_spawn_egg	1	5	16
creeper_banner_pattern	2	5	16
creeper_head	3	5	16
creeper_spawn_egg	4	5	16
crimson_button	5	5	16
crimson_door	6	5	16
crimson_fence	7	5	16
crimson_fence_gate	8	5	16
crimson_fungus	9	5	16
crimson_hanging_sign	10	5	16
crimson_hyphae	11	5	16
crimson_nylium	12	5	16
crimson_planks	13	5	16
crimson_pressure_plate	14	5	16
crimson_roots	15	5	16
crimson_shelf	16	5	16
crimson_sign	17	5	16
crimson_slab	18	5	16
crimson_stairs	19	5	16
crimson_stem	20	5	16
crimson_trapdoor	21	5	16
crossbow	22	5	16
crying_obsidian	23	5	16
cut_copper	24	5	16
cut_copper_slab	25	5	16
cut_copper_stairs	26	5	16
cut_red_sandstone	27	5	16
cut_red_sandstone_slab	28	5	16
cut_sandstone	29	5	16
cut_sandstone_slab	30	5	16
cyan_banner	31	5	16
cyan_bed	32	5	16
cyan_bundle	33	5	16
cyan_candle	34	5	16
cyan_carpet	35	5	16
cyan_concrete	36	5	16
cyan_concrete_powder	37	5	16
cyan_dye	38	5	16
cyan_glazed_terracotta	39	5	16
cyan_harness	40	5	16
cyan_shulker_box	41	5	16
cyan_stained_glass	42	5	16
cyan_stained_glass_pane	43	5	16
cyan_terracotta	44	5	16
cyan_wool	45	5	16
damaged_anvil	46	5	16
dandelion	47	5	16
danger_pottery_sherd	48	5	16
dark_oak_boat	49	5	16
dark_oak_button	50	5	16
dark_oak_chest_boat	51	5	16
dark_oak_door	52	5	16
dark_oak_fence	53	5	16
dark_oak_fence_gate	54	5	16
dark_oak_hanging_sign	55	5	16
dark_oak_leaves	56	5	16
dark_oak_log	57	5	16
dark_oak_planks	58	5	16
dark_oak_pressure_plate	59	5	16
dark_oak_sapling	60	5	16
dark_oak_shelf	61	5	16
dark_oak_sign	62	5	16
dark_oak_slab	63	5	16
dark_oak_stairs	0	6	16
dark_oak_trapdoor	1	6	16
dark_oak_wood	2	6	16
dark_prismarine	3	6	16
dark_prismarine_slab	4	6	16
dark_prismarine_stairs	5	6	16
daylight_detector	6	6	16
dead_brain_coral	7	6	16
dead_brain_coral_block	8	6	16
dead_brain_coral_fan	9	6	16
dead_bubble_coral	10	6	16
dead_bubble_coral_block	11	6	16
dead_bubble_coral_fan	12	6	16
dead_bush	13	6	16
dead_fire_coral	14	6	16
dead_fire_coral_block	15	6	16
dead_fire_coral_fan	16	6	16
dead_horn_coral	17	6	16
dead_horn_coral_block	18	6	16
dead_horn_coral_fan	19	6	16
dead_tube_coral	20	6	16
dead_tube_coral_block	21	6	16
dead_tube_coral_fan	22	6	16
debug_stick	23	6	16
decorated_pot	24	6	16
deepslate	25	6	16
deepslate_brick_slab	26	6	16
deepslate_brick_stairs	27	6	16
deepslate_brick_wall	28	6	16
deepslate_bricks	29	6	16
deepslate_coal_ore	30	6	16
deepslate_copper_ore	31	6	16
deepslate_diamond_ore	32	6	16
deepslate_emerald_ore	33	6	16
deepslate_gold_ore	34	6	16
deepslate_iron_ore	35	6	16
deepslate_lapis_ore	36	6	16
deepslate_redstone_ore	37	6	16
deepslate_tile_slab	38	6	16
deepslate_tile_stairs	39	6	16
deepslate_tile_wall	40	6	16
deepslate_tiles	41	6	16
detector_rail	42	6	16
diamond	43	6	16
diamond_axe	44	6	16
diamond_block	45	6	16
diamond_boots	46	6	16
diamond_chestplate	47	6	16
diamond_helmet	48	6	16
diamond_hoe	49	6	16
diamond_horse_armor	50	6	16
diamond_leggings	51	6	16
diamond_nautilus_armor	52	6	16
diamond_ore	53	6	16
diamond_pickaxe	54	6	16
diamond_shovel	55	6	16
diamond_spear	56	6	16
diamond_sword	57	6	16
diorite	58	6	16
diorite_slab	59	6	16
diorite_stairs	60	6	16
diorite_wall	61	6	16
dirt	62	6	16
dirt_path	63	6	16
disc_fragment_5	0	7	16
dispenser	1	7	16
dolphin_spawn_egg	2	7	16
donkey_spawn_egg	3	7	16
dragon_breath	4	7	16
dragon_egg	5	7	16
dragon_head	6	7	16
dried_ghast	7	7	16
dried_kelp	8	7	16
dried_kelp_block	9	7	16
dripstone_block	10	7	16
dropper	11	7	16
drowned_spawn_egg	12	7	16
dune_armor_trim_smithing_template	13	7	16
echo_shard	14	7	16
egg	15	7	16
elder_guardian_spawn_egg	16	7	16
elytra	17	7	16
emerald	18	7	16
emerald_block	19	7	16
emerald_ore	20	7	16
enchanted_book	21	7	16
enchanted_golden_apple	22	7	16
enchanting_table	23	7	16
end_crystal	24	7	16
end_portal_frame	25	7	16
end_rod	26	7	16
end_stone	27	7	16
end_stone_brick_slab	28	7	16
end_stone_brick_stairs	29	7	16
end_stone_brick_wall	30	7	16
end_stone_bricks	31	7	16
ender_chest	32	7	16
ender_dragon_spawn_egg	33	7	16
ender_eye	34	7	16
ender_pearl	35	7	16
enderman_spawn_egg	36	7	16
endermite_spawn_egg	37	7	16
evoker_spawn_egg	38	7	16
experience_bottle	39	7	16
explorer_pottery_sherd	40	7	16
exposed_chiseled_copper	41	7	16
exposed_copper	42	7	16
exposed_copper_bars	43	7	16
exposed_copper_bulb	44	7	16
exposed_copper_chain	45	7	16
exposed_copper_chest	46	7	16
exposed_copper_door	47	7	16
exposed_copper_golem_statue	48	7	16
exposed_copper_grate	49	7	16
exposed_copper_lantern	50	7	16
exposed_copper_trapdoor	51	7	16
exposed_cut_copper	52	7	16
exposed_cut_copper_slab	53	7	16
exposed_cut_copper_stairs	54	7	16
exposed_lightning_rod	55	7	16
eye_armor_trim_smithing_template	56	7	16
farmland	57	7	16
feather	58	7	16
fermented_spider_eye	59	7	16
fern	60	7	16
field_masoned_banner_pattern	61	7	16
filled_map	62	7	16
fire_charge	63	7	16
fire_coral	0	8	16
fire_coral_block	1	8	16
fire_coral_fan	2	8	16
firefly_bush	3	8	16
firework_rocket	4	8	16
firework_star	5	8	16
fishing_rod	6	8	16
fletching_table	7	8	16
flint	8	8	16
flint_and_steel	9	8	16
flow_armor_trim_smithing_template	10	8	16
flow_banner_pattern	11	8	16
flow_pottery_sherd	12	8	16
flower_banner_pattern	13	8	16
flower_pot	14	8	16
flowering_azalea	15	8	16
flowering_azalea_leaves	16	8	16
fox_spawn_egg	17	8	16
friend_pottery_sherd	18	8	16
frog_spawn_egg	19	8	16
frogspawn	20	8	16
furnace	21	8	16
furnace_minecart	22	8	16
ghast_spawn_egg	23	8	16
ghast_tear	24	8	16
gilded_blackstone	25	8	16
glass	26	8	16
glass_bottle	27	8	16
glass_pane	28	8	16
glistering_melon_slice	29	8	16
globe_banner_pattern	30	8	16
glow_berries	31	8	16
glow_ink_sac	32	8	16
glow_item_frame	33	8	16
glow_lichen	34	8	16
glow_squid_spawn_egg	35	8	16
glowstone	36	8	16
glowstone_dust	37	8	16
goat_horn	38	8	16
goat_spawn_egg	39	8	16
gold_block	40	8	16
gold_ingot	41	8	16
gold_nugget	42	8	16
gold_ore	43	8	16
golden_apple	44	8	16
golden_axe	45	8	16
golden_boots	46	8	16
golden_carrot	47	8	16
golden_chestplate	48	8	16
golden_helmet	49	8	16
golden_hoe	50	8	16
golden_horse_armor	51	8	16
golden_leggings	52	8	16
golden_nautilus_armor	53	8	16
golden_pickaxe	54	8	16
golden_shovel	55	8	16
golden_spear	56	8	16
golden_sword	57	8	16
granite	58	8	16
granite_slab	59	8	16
granite_stairs	60	8	16
granite_wall	61	8	16
grass_block	62	8	16
gravel	63	8	16
gray_banner	0	9	16
gray_bed	1	9	16
gray_bundle	2	9	16
gray_candle	3	9	16
gray_carpet	4	9	16
gray_concrete	5	9	16
gray_concrete_powder	6	9	16
gray_dye	7	9	16
gray_glazed_terracotta	8	9	16
gray_harness	9	9	16
gray_shulker_box	10	9	16
gray_stained_glass	11	9	16
gray_stained_glass_pane	12	9	16
gray_terracotta	13	9	16
gray_wool	14	9	16
green_banner	15	9	16
green_bed	16	9	16
green_bundle	17	9	16
green_candle	18	9	16
green_carpet	19	9	16
green_concrete	20	9	16
green_concrete_powder	21	9	16
green_dye	22	9	16
green_glazed_terracotta	23	9	16
green_harness	24	9	16
green_shulker_box	25	9	16
green_stained_glass	26	9	16
green_stained_glass_pane	27	9	16
green_terracotta	28	9	16
green_wool	29	9	16
grindstone	30	9	16
guardian_spawn_egg	31	9	16
gunpowder	32	9	16
guster_banner_pattern	33	9	16
guster_pottery_sherd	34	9	16
hanging_roots	35	9	16
happy_ghast_spawn_egg	36	9	16
hay_block	37	9	16
heart_of_the_sea	38	9	16
heart_pottery_sherd	39	9	16
heartbreak_pottery_sherd	40	9	16
heavy_core	41	9	16
heavy_weighted_pressure_plate	42	9	16
hoglin_spawn_egg	43	9	16
honey_block	44	9	16
honey_bottle	45	9	16
honeycomb	46	9	16
honeycomb_block	47	9	16
hopper	48	9	16
hopper_minecart	49	9	16
horn_coral	50	9	16
horn_coral_block	51	9	16
horn_coral_fan	52	9	16
horse_spawn_egg	53	9	16
host_armor_trim_smithing_template	54	9	16
howl_pottery_sherd	55	9	16
husk_spawn_egg	56	9	16
ice	57	9	16
infested_chiseled_stone_bricks	58	9	16
infested_cobblestone	59	9	16
infested_cracked_stone_bricks	60	9	16
infested_deepslate	61	9	16
infested_mossy_stone_bricks	62	9	16
infested_stone	63	9	16
infested_stone_bricks	0	10	16
ink_sac	1	10	16
iron_axe	2	10	16
iron_bars	3	10	16
iron_block	4	10	16
iron_boots	5	10	16
iron_chain	6	10	16
iron_chestplate	7	10	16
iron_door	8	10	16
iron_golem_spawn_egg	9	10	16
iron_helmet	10	10	16
iron_hoe	11	10	16
iron_horse_armor	12	10	16
iron_ingot	13	10	16
iron_leggings	14	10	16
iron_nautilus_armor	15	10	16
iron_nugget	16	10	16
iron_ore	17	10	16
iron_pickaxe	18	10	16
iron_shovel	19	10	16
iron_spear	20	10	16
iron_sword	21	10	16
iron_trapdoor	22	10	16
item_frame	23	10	16
jack_o_lantern	24	10	16
jigsaw	25	10	16
jukebox	26	10	16
jungle_boat	27	10	16
jungle_button	28	10	16
jungle_chest_boat	29	10	16
jungle_door	30	10	16
jungle_fence	31	10	16
jungle_fence_gate	32	10	16
jungle_hanging_sign	33	10	16
jungle_leaves	34	10	16
jungle_log	35	10	16
jungle_planks	36	10	16
jungle_pressure_plate	37	10	16
jungle_sapling	38	10	16
jungle_shelf	39	10	16
jungle_sign	40	10	16
jungle_slab	41	10	16
jungle_stairs	42	10	16
jungle_trapdoor	43	10	16
jungle_wood	44	10	16
kelp	45	10	16
knowledge_book	46	10	16
ladder	47	10	16
lantern	48	10	16
lapis_block	49	10	16
lapis_lazuli	50	10	16
lapis_ore	51	10	16
large_amethyst_bud	52	10	16
large_fern	53	10	16
lava_bucket	54	10	16
lead	55	10	16
leaf_litter	56	10	16
leather	57	10	16
leather_boots	58	10	16
leather_chestplate	59	10	16
leather_helmet	60	10	16
leather_horse_armor	61	10	16
leather_leggings	62	10	16
lectern	63	10	16
lever	0	11	16
light	1	11	16
light_blue_banner	2	11	16
light_blue_bed	3	11	16
light_blue_bundle	4	11	16
light_blue_candle	5	11	16
light_blue_carpet	6	11	16
light_blue_concrete	7	11	16
light_blue_concrete_powder	8	11	16
light_blue_dye	9	11	16
light_blue_glazed_terracotta	10	11	16
light_blue_harness	11	11	16
light_blue_shulker_box	12	11	16
light_blue_stained_glass	13	11	16
light_blue_stained_glass_pane	14	11	16
light_blue_terracotta	15	11	16
light_blue_wool	16	11	16
light_gray_banner	17	11	16
light_gray_bed	18	11	16
light_gray_bundle	19	11	16
light_gray_candle	20	11	16
light_gray_carpet	21	11	16
light_gray_concrete	22	11	16
light_gray_concrete_powder	23	11	16
light_gray_dye	24	11	16
light_gray_glazed_terracotta	25	11	16
light_gray_harness	26	11	16
light_gray_shulker_box	27	11	16
light_gray_stained_glass	28	11	16
light_gray_stained_glass_pane	29	11	16
light_gray_terracotta	30	11	16
light_gray_wool	31	11	16
light_weighted_pressure_plate	32	11	16
lightning_rod	33	11	16
lilac	34	11	16
lily_of_the_valley	35	11	16
lily_pad	36	11	16
lime_banner	37	11	16
lime_bed	38	11	16
lime_bundle	39	11	16
lime_candle	40	11	16
lime_carpet	41	11	16
lime_concrete	42	11	16
lime_concrete_powder	43	11	16
lime_dye	44	11	16
lime_glazed_terracotta	45	11	16
lime_harness	46	11	16
lime_shulker_box	47	11	16
lime_stained_glass	48	11	16
lime_stained_glass_pane	49	11	16
lime_terracotta	50	11	16
lime_wool	51	11	16
lingering_potion	52	11	16
llama_spawn_egg	53	11	16
lodestone	54	11	16
loom	55	11	16
mace	56	11	16
magenta_banner	57	11	16
magenta_bed	58	11	16
magenta_bundle	59	11	16
magenta_candle	60	11	16
magenta_carpet	61	11	16
magenta_concrete	62	11	16
magenta_concrete_powder	63	11	16
magenta_dye	0	12	16
magenta_glazed_terracotta	1	12	16
magenta_harness	2	12	16
magenta_shulker_box	3	12	16
magenta_stained_glass	4	12	16
magenta_stained_glass_pane	5	12	16
magenta_terracotta	6	12	16
magenta_wool	7	12	16
magma_block	8	12	16
magma_cream	9	12	16
magma_cube_spawn_egg	10	12	16
mangrove_boat	11	12	16
mangrove_button	12	12	16
mangrove_chest_boat	13	12	16
mangrove_door	14	12	16
mangrove_fence	15	12	16
mangrove_fence_gate	16	12	16
mangrove_hanging_sign	17	12	16
mangrove_leaves	18	12	16
mangrove_log	19	12	16
mangrove_planks	20	12	16
mangrove_pressure_plate	21	12	16
mangrove_propagule	22	12	16
mangrove_roots	23	12	16
mangrove_shelf	24	12	16
mangrove_sign	25	12	16
mangrove_slab	26	12	16
mangrove_stairs	27	12	16
mangrove_trapdoor	28	12	16
mangrove_wood	29	12	16
map	30	12	16
medium_amethyst_bud	31	12	16
melon	32	12	16
melon_seeds	33	12	16
melon_slice	34	12	16
milk_bucket	35	12	16
minecart	36	12	16
miner_pottery_sherd	37	12	16
mojang_banner_pattern	38	12	16
mooshroom_spawn_egg	39	12	16
moss_block	40	12	16
moss_carpet	41	12	16
mossy_cobblestone	42	12	16
mossy_cobblestone_slab	43	12	16
mossy_cobblestone_stairs	44	12	16
mossy_cobblestone_wall	45	12	16
mossy_stone_brick_slab	46	12	16
mossy_stone_brick_stairs	47	12	16
mossy_stone_brick_wall	48	12	16
mossy_stone_bricks	49	12	16
mourner_pottery_sherd	50	12	16
mud	51	12	16
mud_brick_slab	52	12	16
mud_brick_stairs	53	12	16
mud_brick_wall	54	12	16
mud_bricks	55	12	16
muddy_mangrove_roots	56	12	16
mule_spawn_egg	57	12	16
mushroom_stem	58	12	16
mushroom_stew	59	12	16
music_disc_11	60	12	16
music_disc_13	61	12	16
music_disc_5	62	12	16
music_disc_blocks	63	12	16
music_disc_cat	0	13	16
music_disc_chirp	1	13	16
music_disc_creator	2	13	16
music_disc_creator_music_box	3	13	16
music_disc_far	4	13	16
music_disc_lava_chicken	5	13	16
music_disc_mall	6	13	16
music_disc_mellohi	7	13	16
music_disc_otherside	8	13	16
music_disc_pigstep	9	13	16
music_disc_precipice	10	13	16
music_disc_relic	11	13	16
music_disc_stal	12	13	16
music_disc_strad	13	13	16
music_disc_tears	14	13	16
music_disc_wait	15	13	16
music_disc_ward	16	13	16
mutton	17	13	16
mycelium	18	13	16
name_tag	19	13	16
nautilus_shell	20	13	16
nautilus_spawn_egg	21	13	16
nether_brick	22	13	16
nether_brick_fence	23	13	16
nether_brick_slab	24	13	16
nether_brick_stairs	25	13	16
nether_brick_wall	26	13	16
nether_bricks	27	13	16
nether_gold_ore	28	13	16
nether_quartz_ore	29	13	16
nether_sprouts	30	13	16
nether_star	31	13	16
nether_wart	32	13	16
nether_wart_block	33	13	16
netherite_axe	34	13	16
netherite_block	35	13	16
netherite_boots	36	13	16
netherite_chestplate	37	13	16
netherite_helmet	38	13	16
netherite_hoe	39	13	16
netherite_horse_armor	40	13	16
netherite_ingot	41	13	16
netherite_leggings	42	13	16
netherite_nautilus_armor	43	13	16
netherite_pickaxe	44	13	16
netherite_scrap	45	13	16
netherite_shovel	46	13	16
netherite_spear	47	13	16
netherite_sword	48	13	16
netherite_upgrade_smithing_template	49	13	16
netherrack	50	13	16
note_block	51	13	16
oak_boat	52	13	16
oak_button	53	13	16
oak_chest_boat	54	13	16
oak_door	55	13	16
oak_fence	56	13	16
oak_fence_gate	57	13	16
oak_hanging_sign	58	13	16
oak_leaves	59	13	16
oak_log	60	13	16
oak_planks	61	13	16
oak_pressure_plate	62	13	16
oak_sapling	63	13	16
oak_shelf	0	14	16
oak_sign	1	14	16
oak_slab	2	14	16
oak_stairs	3	14	16
oak_trapdoor	4	14	16
oak_wood	5	14	16
observer	6	14	16
obsidian	7	14	16
ocelot_spawn_egg	8	14	16
ochre_froglight	9	14	16
ominous_bottle	10	14	16
ominous_trial_key	11	14	16
open_eyeblossom	12	14	16
orange_banner	13	14	16
orange_bed	14	14	16
orange_bundle	15	14	16
orange_candle	16	14	16
orange_carpet	17	14	16
orange_concrete	18	14	16
orange_concrete_powder	19	14	16
orange_dye	20	14	16
orange_glazed_terracotta	21	14	16
orange_harness	22	14	16
orange_shulker_box	23	14	16
orange_stained_glass	24	14	16
orange_stained_glass_pane	25	14	16
orange_terracotta	26	14	16
orange_tulip	27	14	16
orange_wool	28	14	16
oxeye_daisy	29	14	16
oxidized_chiseled_copper	30	14	16
oxidized_copper	31	14	16
oxidized_copper_bars	32	14	16
oxidized_copper_bulb	33	14	16
oxidized_copper_chain	34	14	16
oxidized_copper_chest	35	14	16
oxidized_copper_door	36	14	16
oxidized_copper_golem_statue	37	14	16
oxidized_copper_grate	38	14	16
oxidized_copper_lantern	39	14	16
oxidized_copper_trapdoor	40	14	16
oxidized_cut_copper	41	14	16
oxidized_cut_copper_slab	42	14	16
oxidized_cut_copper_stairs	43	14	16
oxidized_lightning_rod	44	14	16
packed_ice	45	14	16
packed_mud	46	14	16
painting	47	14	16
pale_hanging_moss	48	14	16
pale_moss_block	49	14	16
pale_moss_carpet	50	14	16
pale_oak_boat	51	14	16
pale_oak_button	52	14	16
pale_oak_chest_boat	53	14	16
pale_oak_door	54	14	16
pale_oak_fence	55	14	16
pale_oak_fence_gate	56	14	16
pale_oak_hanging_sign	57	14	16
pale_oak_leaves	58	14	16
pale_oak_log	59	14	16
pale_oak_planks	60	14	16
pale_oak_pressure_plate	61	14	16
pale_oak_sapling	62	14	16
pale_oak_shelf	63	14	16
pale_oak_sign	0	15	16
pale_oak_slab	1	15	16
pale_oak_stairs	2	15	16
pale_oak_trapdoor	3	15	16
pale_oak_wood	4	15	16
panda_spawn_egg	5	15	16
paper	6	15	16
parched_spawn_egg	7	15	16
parrot_spawn_egg	8	15	16
pearlescent_froglight	9	15	16
peony	10	15	16
petrified_oak_slab	11	15	16
phantom_membrane	12	15	16
phantom_spawn_egg	13	15	16
pig_spawn_egg	14	15	16
piglin_banner_pattern	15	15	16
piglin_brute_spawn_egg	16	15	16
piglin_head	17	15	16
piglin_spawn_egg	18	15	16
pillager_spawn_egg	19	15	16
pink_banner	20	15	16
pink_bed	21	15	16
pink_bundle	22	15	16
pink_candle	23	15	16
pink_carpet	24	15	16
pink_concrete	25	15	16
pink_concrete_powder	26	15	16
pink_dye	27	15	16
pink_glazed_terracotta	28	15	16
pink_harness	29	15	16
pink_petals	30	15	16
pink_shulker_box	31	15	16
pink_stained_glass	32	15	16
pink_stained_glass_pane	33	15	16
pink_terracotta	34	15	16
pink_tulip	35	15	16
pink_wool	36	15	16
piston	37	15	16
pitcher_plant	38	15	16
pitcher_pod	39	15	16
player_head	40	15	16
plenty_pottery_sherd	41	15	16
podzol	42	15	16
pointed_dripstone	43	15	16
poisonous_potato	44	15	16
polar_bear_spawn_egg	45	15	16
polished_andesite	46	15	16
polished_andesite_slab	47	15	16
polished_andesite_stairs	48	15	16
polished_basalt	49	15	16
polished_blackstone	50	15	16
polished_blackstone_brick_slab	51	15	16
polished_blackstone_brick_stairs	52	15	16
polished_blackstone_brick_wall	53	15	16
polished_blackstone_bricks	54	15	16
polished_blackstone_button	55	15	16
polished_blackstone_pressure_plate	56	15	16
polished_blackstone_slab	57	15	16
polished_blackstone_stairs	58	15	16
polished_blackstone_wall	59	15	16
polished_deepslate	60	15	16
polished_deepslate_slab	61	15	16
polished_deepslate_stairs	62	15	16
polished_deepslate_wall	63	15	16
polished_diorite	0	16	16
polished_diorite_slab	1	16	16
polished_diorite_stairs	2	16	16
polished_granite	3	16	16
polished_granite_slab	4	16	16
polished_granite_stairs	5	16	16
polished_tuff	6	16	16
polished_tuff_slab	7	16	16
polished_tuff_stairs	8	16	16
polished_tuff_wall	9	16	16
popped_chorus_fruit	10	16	16
poppy	11	16	16
porkchop	12	16	16
potato	13	16	16
potion	14	16	16
powder_snow_bucket	15	16	16
powered_rail	16	16	16
prismarine	17	16	16
prismarine_brick_slab	18	16	16
prismarine_brick_stairs	19	16	16
prismarine_bricks	20	16	16
prismarine_crystals	21	16	16
prismarine_shard	22	16	16
prismarine_slab	23	16	16
prismarine_stairs	24	16	16
prismarine_wall	25	16	16
prize_pottery_sherd	26	16	16
pufferfish	27	16	16
pufferfish_bucket	28	16	16
pufferfish_spawn_egg	29	16	16
pumpkin	30	16	16
pumpkin_pie	31	16	16
pumpkin_seeds	32	16	16
purple_banner	33	16	16
purple_bed	34	16	16
purple_bundle	35	16	16
purple_candle	36	16	16
purple_carpet	37	16	16
purple_concrete	38	16	16
purple_concrete_powder	39	16	16
purple_dye	40	16	16
purple_glazed_terracotta	41	16	16
purple_harness	42	16	16
purple_shulker_box	43	16	16
purple_stained_glass	44	16	16
purple_stained_glass_pane	45	16	16
purple_terracotta	46	16	16
purple_wool	47	16	16
purpur_block	48	16	16
purpur_pillar	49	16	16
purpur_slab	50	16	16
purpur_stairs	51	16	16
quartz	52	16	16
quartz_block	53	16	16
quartz_bricks	54	16	16
quartz_pillar	55	16	16
quartz_slab	56	16	16
quartz_stairs	57	16	16
rabbit	58	16	16
rabbit_foot	59	16	16
rabbit_hide	60	16	16
rabbit_spawn_egg	61	16	16
rabbit_stew	62	16	16
rail	63	16	16
raiser_armor_trim_smithing_template	0	17	16
ravager_spawn_egg	1	17	16
raw_copper	2	17	16
raw_copper_block	3	17	16
raw_gold	4	17	16
raw_gold_block	5	17	16
raw_iron	6	17	16
raw_iron_block	7	17	16
recovery_compass	8	17	16
red_banner	9	17	16
red_bed	10	17	16
red_bundle	11	17	16
red_candle	12	17	16
red_carpet	13	17	16
red_concrete	14	17	16
red_concrete_powder	15	17	16
red_dye	16	17	16
red_glazed_terracotta	17	17	16
red_harness	18	17	16
red_mushroom	19	17	16
red_mushroom_block	20	17	16
red_nether_brick_slab	21	17	16
red_nether_brick_stairs	22	17	16
red_nether_brick_wall	23	17	16
red_nether_bricks	24	17	16
red_sand	25	17	16
red_sandstone	26	17	16
red_sandstone_slab	27	17	16
red_sandstone_stairs	28	17	16
red_sandstone_wall	29	17	16
red_shulker_box	30	17	16
red_stained_glass	31	17	16
red_stained_glass_pane	32	17	16
red_terracotta	33	17	16
red_tulip	34	17	16
red_wool	35	17	16
redstone	36	17	16
redstone_block	37	17	16
redstone_lamp	38	17	16
redstone_ore	39	17	16
redstone_torch	40	17	16
reinforced_deepslate	41	17	16
repeater	42	17	16
repeating_command_block	43	17	16
resin_block	44	17	16
resin_brick	45	17	16
resin_brick_slab	46	17	16
resin_brick_stairs	47	17	16
resin_brick_wall	48	17	16
resin_bricks	49	17	16
resin_clump	50	17	16
respawn_anchor	51	17	16
rib_armor_trim_smithing_template	52	17	16
rooted_dirt	53	17	16
rose_bush	54	17	16
rotten_flesh	55	17	16
saddle	56	17	16
salmon	57	17	16
salmon_bucket	58	17	16
salmon_spawn_egg	59	17	16
sand	60	17	16
sandstone	61	17	16
sandstone_slab	62	17	16
sandstone_stairs	63	17	16
sandstone_wall	0	18	16
scaffolding	1	18	16
scrape_pottery_sherd	2	18	16
sculk	3	18	16
sculk_catalyst	4	18	16
sculk_sensor	5	18	16
sculk_shrieker	6	18	16
sculk_vein	7	18	16
sea_lantern	8	18	16
sea_pickle	9	18	16
seagrass	10	18	16
sentry_armor_trim_smithing_template	11	18	16
shaper_armor_trim_smithing_template	12	18	16
sheaf_pottery_sherd	13	18	16
shears	14	18	16
sheep_spawn_egg	15	18	16
shelter_pottery_sherd	16	18	16
shield	17	18	16
short_dry_grass	18	18	16
short_grass	19	18	16
shroomlight	20	18	16
shulker_box	21	18	16
shulker_shell	22	18	16
shulker_spawn_egg	23	18	16
silence_armor_trim_smithing_template	24	18	16
silverfish_spawn_egg	25	18	16
skeleton_horse_spawn_egg	26	18	16
skeleton_skull	27	18	16
skeleton_spawn_egg	28	18	16
skull_banner_pattern	29	18	16
skull_pottery_sherd	30	18	16
slime_ball	31	18	16
slime_block	32	18	16
slime_spawn_egg	33	18	16
small_amethyst_bud	34	18	16
small_dripleaf	35	18	16
smithing_table	36	18	16
smoker	37	18	16
smooth_basalt	38	18	16
smooth_quartz	39	18	16
smooth_quartz_slab	40	18	16
smooth_quartz_stairs	41	18	16
smooth_red_sandstone	42	18	16
smooth_red_sandstone_slab	43	18	16
smooth_red_sandstone_stairs	44	18	16
smooth_sandstone	45	18	16
smooth_sandstone_slab	46	18	16
smooth_sandstone_stairs	47	18	16
smooth_stone	48	18	16
smooth_stone_slab	49	18	16
sniffer_egg	50	18	16
sniffer_spawn_egg	51	18	16
snort_pottery_sherd	52	18	16
snout_armor_trim_smithing_template	53	18	16
snow	54	18	16
snow_block	55	18	16
snow_golem_spawn_egg	56	18	16
snowball	57	18	16
soul_campfire	58	18	16
soul_lantern	59	18	16
soul_sand	60	18	16
soul_soil	61	18	16
soul_torch	62	18	16
spawner	63	18	16
spectral_arrow	0	19	16
spider_eye	1	19	16
spider_spawn_egg	2	19	16
spire_armor_trim_smithing_template	3	19	16
splash_potion	4	19	16
sponge	5	19	16
spore_blossom	6	19	16
spruce_boat	7	19	16
spruce_button	8	19	16
spruce_chest_boat	9	19	16
spruce_door	10	19	16
spruce_fence	11	19	16
spruce_fence_gate	12	19	16
spruce_hanging_sign	13	19	16
spruce_leaves	14	19	16
spruce_log	15	19	16
spruce_planks	16	19	16
spruce_pressure_plate	17	19	16
spruce_sapling	18	19	16
spruce_shelf	19	19	16
spruce_sign	20	19	16
spruce_slab	21	19	16
spruce_stairs	22	19	16
spruce_trapdoor	23	19	16
spruce_wood	24	19	16
spyglass	25	19	16
squid_spawn_egg	26	19	16
stick	27	19	16
sticky_piston	28	19	16
stone	29	19	16
stone_axe	30	19	16
stone_brick_slab	31	19	16
stone_brick_stairs	32	19	16
stone_brick_wall	33	19	16
stone_bricks	34	19	16
stone_button	35	19	16
stone_hoe	36	19	16
stone_pickaxe	37	19	16
stone_pressure_plate	38	19	16
stone_shovel	39	19	16
stone_slab	40	19	16
stone_spear	41	19	16
stone_stairs	42	19	16
stone_sword	43	19	16
stonecutter	44	19	16
stray_spawn_egg	45	19	16
strider_spawn_egg	46	19	16
string	47	19	16
stripped_acacia_log	48	19	16
stripped_acacia_wood	49	19	16
stripped_bamboo_block	50	19	16
stripped_birch_log	51	19	16
stripped_birch_wood	52	19	16
stripped_cherry_log	53	19	16
stripped_cherry_wood	54	19	16
stripped_crimson_hyphae	55	19	16
stripped_crimson_stem	56	19	16
stripped_dark_oak_log	57	19	16
stripped_dark_oak_wood	58	19	16
stripped_jungle_log	59	19	16
stripped_jungle_wood	60	19	16
stripped_mangrove_log	61	19	16
stripped_mangrove_wood	62	19	16
stripped_oak_log	63	19	16
stripped_oak_wood	0	20	16
stripped_pale_oak_log	1	20	16
stripped_pale_oak_wood	2	20	16
stripped_spruce_log	3	20	16
stripped_spruce_wood	4	20	16
stripped_warped_hyphae	5	20	16
stripped_warped_stem	6	20	16
structure_block	7	20	16
structure_void	8	20	16
sugar	9	20	16
sugar_cane	10	20	16
sunflower	11	20	16
suspicious_gravel	12	20	16
suspicious_sand	13	20	16
suspicious_stew	14	20	16
sweet_berries	15	20	16
tadpole_bucket	16	20	16
tadpole_spawn_egg	17	20	16
tall_dry_grass	18	20	16
tall_grass	19	20	16
target	20	20	16
terracotta	21	20	16
test_block	22	20	16
test_instance_block	23	20	16
tide_armor_trim_smithing_template	24	20	16
tinted_glass	25	20	16
tipped_arrow	26	20	16
tnt	27	20	16
tnt_minecart	28	20	16
torch	29	20	16
torchflower	30	20	16
torchflower_seeds	31	20	16
totem_of_undying	32	20	16
trader_llama_spawn_egg	33	20	16
trapped_chest	34	20	16
trial_key	35	20	16
trial_spawner	36	20	16
trident	37	20	16
tripwire_hook	38	20	16
tropical_fish	39	20	16
tropical_fish_bucket	40	20	16
tropical_fish_spawn_egg	41	20	16
tube_coral	42	20	16
tube_coral_block	43	20	16
tube_coral_fan	44	20	16
tuff	45	20	16
tuff_brick_slab	46	20	16
tuff_brick_stairs	47	20	16
tuff_brick_wall	48	20	16
tuff_bricks	49	20	16
tuff_slab	50	20	16
tuff_stairs	51	20	16
tuff_wall	52	20	16
turtle_egg	53	20	16
turtle_helmet	54	20	16
turtle_scute	55	20	16
turtle_spawn_egg	56	20	16
twisting_vines	57	20	16
vault	58	20	16
verdant_froglight	59	20	16
vex_armor_trim_smithing_template	60	20	16
vex_spawn_egg	61	20	16
villager_spawn_egg	62	20	16
vindicator_spawn_egg	63	20	16
vine	0	21	16
wandering_trader_spawn_egg	1	21	16
ward_armor_trim_smithing_template	2	21	16
warden_spawn_egg	3	21	16
warped_button	4	21	16
warped_door	5	21	16
warped_fence	6	21	16
warped_fence_gate	7	21	16
warped_fungus	8	21	16
warped_fungus_on_a_stick	9	21	16
warped_hanging_sign	10	21	16
warped_hyphae	11	21	16
warped_nylium	12	21	16
warped_planks	13	21	16
warped_pressure_plate	14	21	16
warped_roots	15	21	16
warped_shelf	16	21	16
warped_sign	17	21	16
warped_slab	18	21	16
warped_stairs	19	21	16
warped_stem	20	21	16
warped_trapdoor	21	21	16
warped_wart_block	22	21	16
water_bucket	23	21	16
waxed_chiseled_copper	24	21	16
waxed_copper_bars	25	21	16
waxed_copper_block	26	21	16
waxed_copper_bulb	27	21	16
waxed_copper_chain	28	21	16
waxed_copper_chest	29	21	16
waxed_copper_door	30	21	16
waxed_copper_golem_statue	31	21	16
waxed_copper_grate	32	21	16
waxed_copper_lantern	33	21	16
waxed_copper_trapdoor	34	21	16
waxed_cut_copper	35	21	16
waxed_cut_copper_slab	36	21	16
waxed_cut_copper_stairs	37	21	16
waxed_exposed_chiseled_copper	38	21	16
waxed_exposed_copper	39	21	16
waxed_exposed_copper_bars	40	21	16
waxed_exposed_copper_bulb	41	21	16
waxed_exposed_copper_chain	42	21	16
waxed_exposed_copper_chest	43	21	16
waxed_exposed_copper_door	44	21	16
waxed_exposed_copper_golem_statue	45	21	16
waxed_exposed_copper_grate	46	21	16
waxed_exposed_copper_lantern	47	21	16
waxed_exposed_copper_trapdoor	48	21	16
waxed_exposed_cut_copper	49	21	16
waxed_exposed_cut_copper_slab	50	21	16
waxed_exposed_cut_copper_stairs	51	21	16
waxed_exposed_lightning_rod	52	21	16
waxed_lightning_rod	53	21	16
waxed_oxidized_chiseled_copper	54	21	16
waxed_oxidized_copper	55	21	16
waxed_oxidized_copper_bars	56	21	16
waxed_oxidized_copper_bulb	57	21	16
waxed_oxidized_copper_chain	58	21	16
waxed_oxidized_copper_chest	59	21	16
waxed_oxidized_copper_door	60	21	16
waxed_oxidized_copper_golem_statue	61	21	16
waxed_oxidized_copper_grate	62	21	16
waxed_oxidized_copper_lantern	63	21	16
waxed_oxidized_copper_trapdoor	0	22	16
waxed_oxidized_cut_copper	1	22	16
waxed_oxidized_cut_copper_slab	2	22	16
waxed_oxidized_cut_copper_stairs	3	22	16
waxed_oxidized_lightning_rod	4	22	16
waxed_weathered_chiseled_copper	5	22	16
waxed_weathered_copper	6	22	16
waxed_weathered_copper_bars	7	22	16
waxed_weathered_copper_bulb	8	22	16
waxed_weathered_copper_chain	9	22	16
waxed_weathered_copper_chest	10	22	16
waxed_weathered_copper_door	11	22	16
waxed_weathered_copper_golem_statue	12	22	16
waxed_weathered_copper_grate	13	22	16
waxed_weathered_copper_lantern	14	22	16
waxed_weathered_copper_trapdoor	15	22	16
waxed_weathered_cut_copper	16	22	16
waxed_weathered_cut_copper_slab	17	22	16
waxed_weathered_cut_copper_stairs	18	22	16
waxed_weathered_lightning_rod	19	22	16
wayfinder_armor_trim_smithing_template	20	22	16
weathered_chiseled_copper	21	22	16
weathered_copper	22	22	16
weathered_copper_bars	23	22	16
weathered_copper_bulb	24	22	16
weathered_copper_chain	25	22	16
weathered_copper_chest	26	22	16
weathered_copper_door	27	22	16
weathered_copper_golem_statue	28	22	16
weathered_copper_grate	29	22	16
weathered_copper_lantern	30	22	16
weathered_copper_trapdoor	31	22	16
weathered_cut_copper	32	22	16
weathered_cut_copper_slab	33	22	16
weathered_cut_copper_stairs	34	22	16
weathered_lightning_rod	35	22	16
weeping_vines	36	22	16
wet_sponge	37	22	16
wheat	38	22	16
wheat_seeds	39	22	16
white_banner	40	22	16
white_bed	41	22	16
white_bundle	42	22	16
white_candle	43	22	16
white_carpet	44	22	16
white_concrete	45	22	16
white_concrete_powder	46	22	16
white_dye	47	22	16
white_glazed_terracotta	48	22	16
white_harness	49	22	16
white_shulker_box	50	22	16
white_stained_glass	51	22	16
white_stained_glass_pane	52	22	16
white_terracotta	53	22	16
white_tulip	54	22	16
white_wool	55	22	16
wild_armor_trim_smithing_template	56	22	16
wildflowers	57	22	16
wind_charge	58	22	16
witch_spawn_egg	59	22	16
wither_rose	60	22	16
wither_skeleton_skull	61	22	16
wither_skeleton_spawn_egg	62	22	16
wither_spawn_egg	63	22	16
wolf_armor	0	23	16
wolf_spawn_egg	1	23	16
wooden_axe	2	23	16
wooden_hoe	3	23	16
wooden_pickaxe	4	23	16
wooden_shovel	5	23	16
wooden_spear	6	23	16
wooden_sword	7	23	16
writable_book	8	23	16
written_book	9	23	16
yellow_banner	10	23	16
yellow_bed	11	23	16
yellow_bundle	12	23	16
yellow_candle	13	23	16
yellow_carpet	14	23	16
yellow_concrete	15	23	16
yellow_concrete_powder	16	23	16
yellow_dye	17	23	16
yellow_glazed_terracotta	18	23	16
yellow_harness	19	23	16
yellow_shulker_box	20	23	16
yellow_stained_glass	21	23	16
yellow_stained_glass_pane	22	23	16
yellow_terracotta	23	23	16
yellow_wool	24	23	16
zoglin_spawn_egg	25	23	16
zombie_head	26	23	16
zombie_horse_spawn_egg	27	23	16
zombie_nautilus_spawn_egg	28	23	16
zombie_spawn_egg	29	23	16
zombie_villager_spawn_egg	30	23	16
zombified_piglin_spawn_egg	31	23	16
